2 States,Romance,36,104,8576361,26622,2527
Table No. 21,Thriller ,10,12,1087320,1129,137
Amit Sahni Ki List,Comedy,10,4,572336,586,54
Rajdhani Express, Drama ,7,0.35,42626,86,19
Bobby Jasoos,Comedy,18,10.8,3113427,4512,1224
Citylights, Drama ,7,35,1076591,1806,84
Daawat-E-Ishq,Comedy,30,24.6,3905050,8315,1373
Matru Ki Bijlee Ka Mandola,Comedy,33,40,2435283,4326,647
Dedh Ishqiya,Comedy,31,27,2333067,2436,591
Gangoobai, Drama ,2,0.01,4354,1,1
Dishkiyaoon,Action ,28,6,2397647,3308,465
Inkaar,Romance,5,10.25,1077723,897,114
Ek Villain,Romance,35,105.5,4518748,13558,1094
Mumbai Mirror,Action ,4,1.8,235767,192,164
Entertainment,Comedy,60,163,6336058,20472,2843
Bandook,Action,4,0.09,28391,8,14
Race 2,Thriller ,60,162,7641333,12617,2138
Filmistaan,Comedy,10,6,989096,1608,173
Finding Fanny,Comedy,15,58.9,6144142,13013,2746
Fugly,Comedy,10,12.6,2343109,2963,556
David,Thriller ,10,3.65,839270,1542,95
Gulaab Gang,Action ,27,14.3,4687259,13219,1605
Gunday,Action,50,76.7,3503887,8383,1419
Haider, Drama ,24,69,7048104,23590,2443
Happy Ending,Romance,48,21.5,5192338,6928,1120
Special 26, Drama ,42,103,1829417,6248,568
Happy New Year, Drama ,125,383,6395202,37585,10269
ABCD _ Any Body Can Dance, Drama ,12,44,4042091,10609,788
Hate Story 2,Thriller,12,27.16,13798789,15708,5226
Hawaa Hawaai, Drama ,11,10,764725,1377,94
Heartless,Thriller,12,1.5,4823892,5797,227
Murder 3,Thriller,12,25,2249055,1879,747
Heropanti,Romance,21,65,4005695,8189,1814
Kai Po Che!, Drama ,30,62.2,1888754,5686,512
Highway, Drama ,30,27.25,3043012,9100,971
Zilla Ghaziabad,Action,36,16,1551786,1753,619
Holiday,Action,50,129,6841635,14182,1997
Humpty Sharma Ki Dulhania,Romance,20,130,6604595,14535,2208
The Attacks of 26/11,Thriller,30,32,1041892,1911,344
Humshakals,Comedy,75,63.7,6280868,1,1
"Saheb, Biwi Aur Gangster Returns", Drama ,15,22,1176596,1037,189
Jai Ho,Action,120,111,868743,2783,404
Khoobsurat,Romance,12,39.4,5454349,12548,2038
Kick,Action,100,377,18986221,101275,10066
3G,Thriller,5,5.82,1200152,1385,345
Kill Dil,Romance,35,36,2375050,4358,555
Mere Dad Ki Maruti,Comedy,5,11,569711,1226,133
Jolly LLB,Comedy,10,32.7,1741424,3024,181
Koyelaanchal,Action,8,2,591838,347,31
Kya Dilli Kya Lahore, Drama ,7,0.5,492344,2018,64
Lekar Hum Deewana Dil,Romance,16,2.5,3998331,2307,497
Aatma,Thriller,8,8.78,841891,997,306
Main Tera Hero,Comedy,40,55,4903941,12657,2139
Sona Spa,Thriller,10,0.24,79430,61,112
Himmatwala,Action,50,100,2501277,1,1
Manjunath, Drama ,3,1.75,370106,991,35
Mardaani, Drama ,15,36,4376650,14408,1035
Chashme Baddoor,Comedy,20,42,166066,2897,283
Mary Kom, Drama ,15,104,6086811,26560,1647
Nautanki Saala,Comedy,9,21.5,1208841,1442,342
Mastram,Comedy,2,3,3557585,3927,1364
Commando-A One Man Army,Action,22,21,3162465,7519,562
Ek Thi Daayan,Thriller,24,45,1837437,3296,613
Miss Lovely, Drama ,5,0.7,808439,328,95
Aashiqui 2,Romance,12,110,2926673,4944,628
O Teri,Comedy,21,3.75,1511318,3004,278
One by Two,Romance,12,2.5,1016858,1081,212
Purani Jeans,Romance,10,1.1,1537063,822,229
Shootout at Wadala,Thriller,45,75,769365,784,126
Queen, Drama ,25,61,2981381,5339,443
Bombay Talkies, Drama ,6,14.3,1528538,2766,328
Ragini MMS 2,Thriller,18,50,5416213,6807,2717
Go Goa Gone,Comedy,16,28.2,4321162,10126,964
Raja Natwarlal,Thriller,35,29.6,4050407,8197,1155
Revolver Rani, Drama ,24,10,1744602,3013,392
Shaadi Ke Side Effects,Comedy,50,37.8,4590539,9021,1465
Aurangzeb, Drama ,20,23,1901503,3394,754
Sholay 3D,Action,25,11,1001670,2110,268
Singham Returns,Action,90,200,8287587,20011,2899
The Shaukeens,Comedy,35,32.5,3395361,8395,1204
Ishkq in Paris,Romance,15,2.13,630506,463,83
Ungli, Drama ,5,13.8,2763615,6907,489
Yeh Jawaani Hai Deewani,Romance,70,311,5123217,13826,1640
Yaariyan,Romance,19,40,3331082,4853,767
Yamla Pagla Deewana 2,Comedy,24,55,2775792,5457,681
Yeh Hai Bakrapur,Comedy,5,2,1257416,758,923
Youngistaan, Drama ,26,6.75,603710,1082,177
Fukrey,Comedy,5,36.2,227912,222,39
Zid,Thriller,20,14.05,6698987,6750,2234
PK, Drama ,85,735,13270623,43767,5693
Raanjhanaa,Romance,35,100,5470632,12413,1018
Action Jackson,Action,90,57.45,13279636,19240,3859
Bang Bang,Action,140,340,15889811,61805,6283
Shortcut Romeo,Thriller,15,2.58,1131573,913,255
Creature,Thriller,24,20,2876498,5844,1537
Ghanchakkar,Comedy,30,38,2248046,5108,614
Besharam,Comedy,85,35,5319606,10253,8165
Lootera,Romance,27,28,2581449,4416,819
Pizza 3D,Thriller,10,4.35,838943,1116,153
The Xpose,Thriller,16,29,3707889,3512,1292
Policegiri,Action,30,16.8,1754266,1674,420
Bhaag Milkha Bhaag, Drama ,30,164,2635390,4622,456
Kaanchi, Drama ,31,4,2360968,2807,595
Samrat and Co.,Thriller,18,2,371133,532,180
B.A. Pass, Drama ,2,5.9,2240961,842,348
Ramaiya Vastavaiya,Romance,35,30,3788488,4111,687
Bewakoofiyan,Romance,22,14,2850376,4764,1068
D Day,Action,30,24,1939868,1804,224
Darr@ The Mall,Thriller,15,4.5,1679872,255,51
Issaq,Romance,10,5,68511,76,16
Hasee To Phansee,Romance,27,35.5,2543707,6390,975
Bajatey Raho,Comedy,5,10,462722,513,77
Mr Joe B Carvalho,Comedy,15,4,268289,139,40
Nasha,Thriller,4,8,613448,288,188
Bhootnath Returns,Thriller,29,53,3049275,10759,657
Chennai Express,Comedy,75,395,1882346,7954,1593
Once Upon Ay Time In Mumbai Dobaara!,Thriller,100,80,3077135,9200,2821
Madras Cafe,Thriller,35,42.7,1709945,2974,594
Satyagraha, Drama ,50,60,1422568,2736,394
Krrish 3,Action,115,300,23171067,72070,11888
Total Siyappa, Drama ,10,12,1719399,3656,548
Satya 2,Thriller,15,1.1,110315,89,26
Rajjo,Romance,12,2,1718619,1606,1083
Gori Tere Pyaar Mein,Romance,30,12.65,3799253,8559,1871
Bullett Raja,Comedy,50,40,4015674,8084,2129
War Chhod Na Yaar,Comedy,14,7.5,40450,33,7
Baat Ban Gayi,Comedy,4,1.5,23186,9,4
Boss, Drama ,50,45,6464704,22977,3396
Shahid, Drama ,6,40,1148516,3155,396
Mickey Virus,Comedy,11,6,335807,574,129
Zanjeer,Action,75,18.2,2539431,5634,922
Shuddh Desi Romance,Romance,25,55,5142,1,1
Grand Masti,Comedy,35,298,1795640,3015,721
Children Of War, Drama ,12,22,577569,1640,156
Phata Poster Nikla Hero, Drama ,40,34,5176897,10672,1392
The Lunchbox, Drama ,10,85,1064854,4054,285
Tevar,Action,40,56,6132407,11241,1729
Alone,Thriller,18,25,8788913,18907,2940
Baby,Action,60,125,7968156,29246,2426
Hawaizaada, Drama ,25,30.25,2368404,8619,539
Khamoshiyan,Thriller,11,14.02,3094001,4599,997
Shamitabh, Drama ,40,38,2105508,5599,677
Roy,Romance,40,58,7687797,18974,3229
Badlapur,Action,23,77,4550051,10602,893
Dum Laga Ke Haisha,Comedy,15,30,3250917,8185,615
NH10,Thriller,13,32.1,5592977,15464,1513
Dilliwali Zaalim Girlfriend,Comedy,32,12,2316047,4289,807
Hunterrr,Comedy,5,11.89,4674795,3706,762
Kochadaiiyaan,Action,150,120,4740727,13466,2649
